{
  "eer": 0.07,
  "eer_threshold": 0.3401091767100242,
  "avg_latency_ms": 539.745876789093,
  "max_latency_ms": 137356.32967948914,
  "p95_latency_ms": 565.0230646133423,
  "num_genuine": 500,
  "num_impostor": 500,
  "genuine_mean": 0.47791156589984896,
  "genuine_std": 0.09053083117787387,
  "impostor_mean": 0.1963283008839935,
  "impostor_std": 0.093759622380783
}